saison_id,saison,liga_id,liga,spiel_id,datum,heim,gast,name,bahn1,bahn2,bahn3,bahn4,gesammt
10,2024,3238,Männer - Bayernliga Nord,211598,12.04.2025,Bavaria Karlstadt 1,Polizei SV Bamberg 1,"Burkard, Michael",133,151,140,141,565
10,2024,3238,Männer - Bayernliga Nord,211598,12.04.2025,Bavaria Karlstadt 1,Polizei SV Bamberg 1,"Kaiser, Manuel",126,144,136,139,545
10,2024,3238,Männer - Bayernliga Nord,211598,12.04.2025,Bavaria Karlstadt 1,Polizei SV Bamberg 1,"Reinhardt, Philipp",150,149,145,120,564
10,2024,3238,Männer - Bayernliga Nord,211598,12.04.2025,Bavaria Karlstadt 1,Polizei SV Bamberg 1,"Neubig, Stefan",135,161,137,165,598
10,2024,3238,Männer - Bayernliga Nord,211598,12.04.2025,Bavaria Karlstadt 1,Polizei SV Bamberg 1,"Schmitt, Alexander",143,118,122,,383
10,2024,3238,Männer - Bayernliga Nord,211598,12.04.2025,Bavaria Karlstadt 1,Polizei SV Bamberg 1,"Biemüller, Lukas",128,134,155,131,548
10,2024,3238,Männer - Bayernliga Nord,211598,12.04.2025,Bavaria Karlstadt 1,Polizei SV Bamberg 1,"Burkard, Kurt",,,,122,122
10,2024,3238,Männer - Bayernliga Nord,211598,12.04.2025,Bavaria Karlstadt 1,Polizei SV Bamberg 1,"Rosemann, Ingo",163,143,168,136,610
10,2024,3238,Männer - Bayernliga Nord,211598,12.04.2025,Bavaria Karlstadt 1,Polizei SV Bamberg 1,"Kilcullen, Michael",119,126,154,133,532
10,2024,3238,Männer - Bayernliga Nord,211598,12.04.2025,Bavaria Karlstadt 1,Polizei SV Bamberg 1,"Biener, Manuel",132,140,142,154,568
10,2024,3238,Männer - Bayernliga Nord,211598,12.04.2025,Bavaria Karlstadt 1,Polizei SV Bamberg 1,"Seiler, Florian",153,139,134,144,570
10,2024,3238,Männer - Bayernliga Nord,211598,12.04.2025,Bavaria Karlstadt 1,Polizei SV Bamberg 1,"Markert, Marcel",163,139,148,130,580
10,2024,3238,Männer - Bayernliga Nord,211598,12.04.2025,Bavaria Karlstadt 1,Polizei SV Bamberg 1,"Möhrlein, Florian",142,130,128,140,540
10,2024,3238,Männer - Bayernliga Nord,211597,12.04.2025,SKC 67 Eggolsheim 1,TSV Eintracht Bamberg 1,"Postler, Kai",152,124,149,164,589
10,2024,3238,Männer - Bayernliga Nord,211597,12.04.2025,SKC 67 Eggolsheim 1,TSV Eintracht Bamberg 1,"Milde, Kevin",129,139,150,140,558
10,2024,3238,Männer - Bayernliga Nord,211597,12.04.2025,SKC 67 Eggolsheim 1,TSV Eintracht Bamberg 1,"Hausner, Markus",158,143,152,153,606
10,2024,3238,Männer - Bayernliga Nord,211597,12.04.2025,SKC 67 Eggolsheim 1,TSV Eintracht Bamberg 1,"Hubert, Marc",158,137,147,135,577
10,2024,3238,Männer - Bayernliga Nord,211597,12.04.2025,SKC 67 Eggolsheim 1,TSV Eintracht Bamberg 1,"Straßberger, Robin",147,123,137,153,560
10,2024,3238,Männer - Bayernliga Nord,211597,12.04.2025,SKC 67 Eggolsheim 1,TSV Eintracht Bamberg 1,"Karl, Florian",125,132,137,136,530
10,2024,3238,Männer - Bayernliga Nord,211597,12.04.2025,SKC 67 Eggolsheim 1,TSV Eintracht Bamberg 1,"Schlund, Christopher",151,149,141,150,591
10,2024,3238,Männer - Bayernliga Nord,211597,12.04.2025,SKC 67 Eggolsheim 1,TSV Eintracht Bamberg 1,"Schumm, Michael",142,139,157,144,582
10,2024,3238,Männer - Bayernliga Nord,211597,12.04.2025,SKC 67 Eggolsheim 1,TSV Eintracht Bamberg 1,"Lache, Enrico",139,140,141,158,578
10,2024,3238,Männer - Bayernliga Nord,211597,12.04.2025,SKC 67 Eggolsheim 1,TSV Eintracht Bamberg 1,"Zimmer, Dominik",154,140,127,138,559
10,2024,3238,Männer - Bayernliga Nord,211597,12.04.2025,SKC 67 Eggolsheim 1,TSV Eintracht Bamberg 1,"Steinhoff, Frank",141,138,154,,433
10,2024,3238,Männer - Bayernliga Nord,211597,12.04.2025,SKC 67 Eggolsheim 1,TSV Eintracht Bamberg 1,"Schnitzerlein, Tim",125,132,162,139,558
10,2024,3238,Männer - Bayernliga Nord,211597,12.04.2025,SKC 67 Eggolsheim 1,TSV Eintracht Bamberg 1,"Edelmann, Marco",,,,153,153
10,2024,3238,Männer - Bayernliga Nord,211599,12.04.2025,Viktoria Fürth 1,KC Oberaltertheim 1,"Maier, Jens",157,117,155,149,578
10,2024,3238,Männer - Bayernliga Nord,211599,12.04.2025,Viktoria Fürth 1,KC Oberaltertheim 1,"Kreß, Marco",137,131,144,167,579
10,2024,3238,Männer - Bayernliga Nord,211599,12.04.2025,Viktoria Fürth 1,KC Oberaltertheim 1,"Nagengast, Mario",140,135,173,132,580
10,2024,3238,Männer - Bayernliga Nord,211599,12.04.2025,Viktoria Fürth 1,KC Oberaltertheim 1,"Frey, Joachim",121,151,134,147,553
10,2024,3238,Männer - Bayernliga Nord,211599,12.04.2025,Viktoria Fürth 1,KC Oberaltertheim 1,"Wölfing, Benjamin",131,155,131,141,558
10,2024,3238,Männer - Bayernliga Nord,211599,12.04.2025,Viktoria Fürth 1,KC Oberaltertheim 1,"Bräutigam, Daniel",160,136,172,142,610
10,2024,3238,Männer - Bayernliga Nord,211599,12.04.2025,Viktoria Fürth 1,KC Oberaltertheim 1,"Schrödter, Axel",149,147,148,153,597
10,2024,3238,Männer - Bayernliga Nord,211599,12.04.2025,Viktoria Fürth 1,KC Oberaltertheim 1,"Balling, Jarik",136,147,130,157,570
10,2024,3238,Männer - Bayernliga Nord,211599,12.04.2025,Viktoria Fürth 1,KC Oberaltertheim 1,"Dietl, Alexander",144,161,130,151,586
10,2024,3238,Männer - Bayernliga Nord,211599,12.04.2025,Viktoria Fürth 1,KC Oberaltertheim 1,"Leibold, Jens",135,144,133,126,538
10,2024,3238,Männer - Bayernliga Nord,211599,12.04.2025,Viktoria Fürth 1,KC Oberaltertheim 1,"Rossol, Kevin",146,142,143,137,568
10,2024,3238,Männer - Bayernliga Nord,211599,12.04.2025,Viktoria Fürth 1,KC Oberaltertheim 1,"Steger, Andre",143,132,142,129,546
10,2024,3238,Männer - Bayernliga Nord,211595,12.04.2025,SKC Victoria Bamberg 2,1.SKK Gut Holz Zeil 1,"Trautner, Reinhold",142,142,149,175,608
10,2024,3238,Männer - Bayernliga Nord,211595,12.04.2025,SKC Victoria Bamberg 2,1.SKK Gut Holz Zeil 1,"Löhr, Patrick",163,165,152,155,635
10,2024,3238,Männer - Bayernliga Nord,211595,12.04.2025,SKC Victoria Bamberg 2,1.SKK Gut Holz Zeil 1,"Willacker, Lucas",142,126,137,160,565
10,2024,3238,Männer - Bayernliga Nord,211595,12.04.2025,SKC Victoria Bamberg 2,1.SKK Gut Holz Zeil 1,"Held, Heiko",137,149,120,143,549
10,2024,3238,Männer - Bayernliga Nord,211595,12.04.2025,SKC Victoria Bamberg 2,1.SKK Gut Holz Zeil 1,"Craciun, Cosmin",133,169,139,139,580
10,2024,3238,Männer - Bayernliga Nord,211595,12.04.2025,SKC Victoria Bamberg 2,1.SKK Gut Holz Zeil 1,"Faber, Oliver",164,132,142,137,575
10,2024,3238,Männer - Bayernliga Nord,211595,12.04.2025,SKC Victoria Bamberg 2,1.SKK Gut Holz Zeil 1,"Dukic, Bojan",123,123,,,246
10,2024,3238,Männer - Bayernliga Nord,211595,12.04.2025,SKC Victoria Bamberg 2,1.SKK Gut Holz Zeil 1,"Held, Leon",138,152,155,140,585
10,2024,3238,Männer - Bayernliga Nord,211595,12.04.2025,SKC Victoria Bamberg 2,1.SKK Gut Holz Zeil 1,"Carl, Colin",,,131,130,261
10,2024,3238,Männer - Bayernliga Nord,211595,12.04.2025,SKC Victoria Bamberg 2,1.SKK Gut Holz Zeil 1,"Habermeyer, Markus",148,142,162,165,617
10,2024,3238,Männer - Bayernliga Nord,211595,12.04.2025,SKC Victoria Bamberg 2,1.SKK Gut Holz Zeil 1,"Pfaller, Olaf",137,142,133,148,560
10,2024,3238,Männer - Bayernliga Nord,211595,12.04.2025,SKC Victoria Bamberg 2,1.SKK Gut Holz Zeil 1,"zu Hohenlohe, Peter",165,139,134,146,584
10,2024,3238,Männer - Bayernliga Nord,211595,12.04.2025,SKC Victoria Bamberg 2,1.SKK Gut Holz Zeil 1,"Leitner, Patrick",152,139,121,136,548
10,2024,3238,Männer - Bayernliga Nord,211596,12.04.2025,Fortuna Neukirchen 1,SKC Steig Bindlach 1,"Witt, Daniel",147,134,180,139,600
10,2024,3238,Männer - Bayernliga Nord,211596,12.04.2025,Fortuna Neukirchen 1,SKC Steig Bindlach 1,"Jahreis, Achim",177,155,128,145,605
10,2024,3238,Männer - Bayernliga Nord,211596,12.04.2025,Fortuna Neukirchen 1,SKC Steig Bindlach 1,"Meixner, Andreas",135,140,151,138,564
10,2024,3238,Männer - Bayernliga Nord,211596,12.04.2025,Fortuna Neukirchen 1,SKC Steig Bindlach 1,"Deinlein, Mathias",134,125,134,131,524
10,2024,3238,Männer - Bayernliga Nord,211596,12.04.2025,Fortuna Neukirchen 1,SKC Steig Bindlach 1,"Seubert, Horst",139,172,148,151,610
10,2024,3238,Männer - Bayernliga Nord,211596,12.04.2025,Fortuna Neukirchen 1,SKC Steig Bindlach 1,"Dregelies, Fabian",153,152,145,148,598
10,2024,3238,Männer - Bayernliga Nord,211596,12.04.2025,Fortuna Neukirchen 1,SKC Steig Bindlach 1,"Hiltl, Christopher",159,148,157,145,609
10,2024,3238,Männer - Bayernliga Nord,211596,12.04.2025,Fortuna Neukirchen 1,SKC Steig Bindlach 1,"Lappe, Stefan",162,128,128,147,565
10,2024,3238,Männer - Bayernliga Nord,211596,12.04.2025,Fortuna Neukirchen 1,SKC Steig Bindlach 1,"Rupprecht, Uwe",146,147,133,158,584
10,2024,3238,Männer - Bayernliga Nord,211596,12.04.2025,Fortuna Neukirchen 1,SKC Steig Bindlach 1,"Dregelies, Jonas",156,131,141,147,575
10,2024,3238,Männer - Bayernliga Nord,211596,12.04.2025,Fortuna Neukirchen 1,SKC Steig Bindlach 1,"Luber, Markus",132,133,155,147,567
10,2024,3238,Männer - Bayernliga Nord,211596,12.04.2025,Fortuna Neukirchen 1,SKC Steig Bindlach 1,"Dippmar, Klaus",151,140,147,160,598
10,2024,3239,Männer - Bayernliga Süd,211688,12.04.2025,Blau Weiß Hofdorf 1,SpG Puchheim 1,"Förster, Matthias",140,130,126,126,522
10,2024,3239,Männer - Bayernliga Süd,211688,12.04.2025,Blau Weiß Hofdorf 1,SpG Puchheim 1,"Weiß, Stefan",129,118,123,134,504
10,2024,3239,Männer - Bayernliga Süd,211688,12.04.2025,Blau Weiß Hofdorf 1,SpG Puchheim 1,"Fürst jun., Christian",140,139,119,143,541
10,2024,3239,Männer - Bayernliga Süd,211688,12.04.2025,Blau Weiß Hofdorf 1,SpG Puchheim 1,"Pongratz, Christian",138,122,129,117,506
10,2024,3239,Männer - Bayernliga Süd,211688,12.04.2025,Blau Weiß Hofdorf 1,SpG Puchheim 1,"Seppenhauser, Dominik",132,117,,,249
10,2024,3239,Männer - Bayernliga Süd,211688,12.04.2025,Blau Weiß Hofdorf 1,SpG Puchheim 1,"Schweiger, Florian",117,129,143,105,494
10,2024,3239,Männer - Bayernliga Süd,211688,12.04.2025,Blau Weiß Hofdorf 1,SpG Puchheim 1,"Pflamminger, Reinhard",,,148,124,272
10,2024,3239,Männer - Bayernliga Süd,211688,12.04.2025,Blau Weiß Hofdorf 1,SpG Puchheim 1,"Fürst, Andreas",160,127,142,133,562
10,2024,3239,Männer - Bayernliga Süd,211688,12.04.2025,Blau Weiß Hofdorf 1,SpG Puchheim 1,"Klause, Ewald",151,163,127,157,598
10,2024,3239,Männer - Bayernliga Süd,211688,12.04.2025,Blau Weiß Hofdorf 1,SpG Puchheim 1,"Seidl, Philipp",120,129,129,135,513
10,2024,3239,Männer - Bayernliga Süd,211688,12.04.2025,Blau Weiß Hofdorf 1,SpG Puchheim 1,"Riederer, Christoph",134,142,131,134,541
10,2024,3239,Männer - Bayernliga Süd,211688,12.04.2025,Blau Weiß Hofdorf 1,SpG Puchheim 1,"Kammermeier, Andreas",150,127,135,137,549
10,2024,3239,Männer - Bayernliga Süd,211688,12.04.2025,Blau Weiß Hofdorf 1,SpG Puchheim 1,"Drescher, Markus",136,108,119,114,477
10,2024,3239,Männer - Bayernliga Süd,211687,12.04.2025,Goldener Kranz Durach 1,SKC Unterthingau 1,"Aigner, Thomas",141,148,155,135,579
10,2024,3239,Männer - Bayernliga Süd,211687,12.04.2025,Goldener Kranz Durach 1,SKC Unterthingau 1,"Haggenmüller, Stefan",155,154,145,143,597
10,2024,3239,Männer - Bayernliga Süd,211687,12.04.2025,Goldener Kranz Durach 1,SKC Unterthingau 1,"Salzer, Alexander",142,123,133,128,526
10,2024,3239,Männer - Bayernliga Süd,211687,12.04.2025,Goldener Kranz Durach 1,SKC Unterthingau 1,"Wild, Christian",150,130,153,161,594
10,2024,3239,Männer - Bayernliga Süd,211687,12.04.2025,Goldener Kranz Durach 1,SKC Unterthingau 1,"Baumgartner, Markus",149,147,160,165,621
10,2024,3239,Männer - Bayernliga Süd,211687,12.04.2025,Goldener Kranz Durach 1,SKC Unterthingau 1,"Reich, Klaus",135,140,,,275
10,2024,3239,Männer - Bayernliga Süd,211687,12.04.2025,Goldener Kranz Durach 1,SKC Unterthingau 1,"Pawlicki, Alexander",,,129,140,269
10,2024,3239,Männer - Bayernliga Süd,211687,12.04.2025,Goldener Kranz Durach 1,SKC Unterthingau 1,"Wassermann, Stefan",133,128,152,148,561
10,2024,3239,Männer - Bayernliga Süd,211687,12.04.2025,Goldener Kranz Durach 1,SKC Unterthingau 1,"Pawlicki, Christian",148,156,130,136,570
10,2024,3239,Männer - Bayernliga Süd,211687,12.04.2025,Goldener Kranz Durach 1,SKC Unterthingau 1,"Hubrig, Jürgen",162,128,132,151,573
10,2024,3239,Männer - Bayernliga Süd,211687,12.04.2025,Goldener Kranz Durach 1,SKC Unterthingau 1,"Friedlein, Werner",125,132,147,128,532
10,2024,3239,Männer - Bayernliga Süd,211687,12.04.2025,Goldener Kranz Durach 1,SKC Unterthingau 1,"Zammataro, Andreas",141,134,114,143,532
10,2024,3239,Männer - Bayernliga Süd,211687,12.04.2025,Goldener Kranz Durach 1,SKC Unterthingau 1,"Pawlicki, Martin",142,131,147,153,573
10,2024,3239,Männer - Bayernliga Süd,211686,12.04.2025,AN Thal 1,SKC Töging Erharting 1,"Stoll, Dominik",141,144,129,136,550
10,2024,3239,Männer - Bayernliga Süd,211686,12.04.2025,AN Thal 1,SKC Töging Erharting 1,"Rösch, Matthias",157,150,122,121,550
10,2024,3239,Männer - Bayernliga Süd,211686,12.04.2025,AN Thal 1,SKC Töging Erharting 1,"Krahammer, Patrick",138,147,129,153,567
10,2024,3239,Männer - Bayernliga Süd,211686,12.04.2025,AN Thal 1,SKC Töging Erharting 1,"Meixner, Alexander",148,139,157,161,605
10,2024,3239,Männer - Bayernliga Süd,211686,12.04.2025,AN Thal 1,SKC Töging Erharting 1,"König, Florian",136,126,134,147,543
10,2024,3239,Männer - Bayernliga Süd,211686,12.04.2025,AN Thal 1,SKC Töging Erharting 1,"Giesecke, David",132,148,153,125,558
10,2024,3239,Männer - Bayernliga Süd,211686,12.04.2025,AN Thal 1,SKC Töging Erharting 1,"Renz, Felix",133,155,136,162,586
10,2024,3239,Männer - Bayernliga Süd,211686,12.04.2025,AN Thal 1,SKC Töging Erharting 1,"Zieglgänsberger, Tobias",127,136,151,130,544
10,2024,3239,Männer - Bayernliga Süd,211686,12.04.2025,AN Thal 1,SKC Töging Erharting 1,"Metzdorf, Dominik",149,137,155,141,582
10,2024,3239,Männer - Bayernliga Süd,211686,12.04.2025,AN Thal 1,SKC Töging Erharting 1,"Leserer, Johannes",143,150,132,153,578
10,2024,3239,Männer - Bayernliga Süd,211686,12.04.2025,AN Thal 1,SKC Töging Erharting 1,"Dworatschek, Denis",138,139,144,147,568
10,2024,3239,Männer - Bayernliga Süd,211686,12.04.2025,AN Thal 1,SKC Töging Erharting 1,"Bauer, Andreas",137,129,140,147,553
10,2024,3239,Männer - Bayernliga Süd,211685,12.04.2025,FC Bayern München 1,TSV Milbertshofen 1,"Girbig, Daniel",148,138,131,149,566
10,2024,3239,Männer - Bayernliga Süd,211685,12.04.2025,FC Bayern München 1,TSV Milbertshofen 1,"Emrath, Marcel",166,151,145,134,596
10,2024,3239,Männer - Bayernliga Süd,211685,12.04.2025,FC Bayern München 1,TSV Milbertshofen 1,"Simon, Martin",167,144,147,179,637
10,2024,3239,Männer - Bayernliga Süd,211685,12.04.2025,FC Bayern München 1,TSV Milbertshofen 1,"Hagel, Steffen",158,181,134,166,639
10,2024,3239,Männer - Bayernliga Süd,211685,12.04.2025,FC Bayern München 1,TSV Milbertshofen 1,"Förg, Raphael",135,162,126,147,570
10,2024,3239,Männer - Bayernliga Süd,211685,12.04.2025,FC Bayern München 1,TSV Milbertshofen 1,"Langer, Christopher",135,144,149,148,576
10,2024,3239,Männer - Bayernliga Süd,211685,12.04.2025,FC Bayern München 1,TSV Milbertshofen 1,"Mihaila, Dan-Ioan",149,154,156,157,616
10,2024,3239,Männer - Bayernliga Süd,211685,12.04.2025,FC Bayern München 1,TSV Milbertshofen 1,"Imhof, Steffen",141,171,184,180,676
10,2024,3239,Männer - Bayernliga Süd,211685,12.04.2025,FC Bayern München 1,TSV Milbertshofen 1,"Rösch, Dominik",169,146,160,144,619
10,2024,3239,Männer - Bayernliga Süd,211685,12.04.2025,FC Bayern München 1,TSV Milbertshofen 1,"Wagner, Herbert",158,151,137,141,587
10,2024,3239,Männer - Bayernliga Süd,211685,12.04.2025,FC Bayern München 1,TSV Milbertshofen 1,"Wiesböck, Michael",143,185,132,138,598
10,2024,3239,Männer - Bayernliga Süd,211685,12.04.2025,FC Bayern München 1,TSV Milbertshofen 1,"Dilling, Daniel",136,134,,,270
10,2024,3239,Männer - Bayernliga Süd,211685,12.04.2025,FC Bayern München 1,TSV Milbertshofen 1,"Rießner, Tobias",,,166,122,288
10,2024,3239,Männer - Bayernliga Süd,211689,12.04.2025,TSV-SKC Baar-Ebenhaus. 1,SKK Mörslingen 1,"Gärtner, Matthias",139,148,156,142,585
10,2024,3239,Männer - Bayernliga Süd,211689,12.04.2025,TSV-SKC Baar-Ebenhaus. 1,SKK Mörslingen 1,"Kell, Mike",145,145,143,140,573
10,2024,3239,Männer - Bayernliga Süd,211689,12.04.2025,TSV-SKC Baar-Ebenhaus. 1,SKK Mörslingen 1,"Königer, Michael",122,147,120,147,536
10,2024,3239,Männer - Bayernliga Süd,211689,12.04.2025,TSV-SKC Baar-Ebenhaus. 1,SKK Mörslingen 1,"Nippert, Matthias",122,153,138,126,539
10,2024,3239,Männer - Bayernliga Süd,211689,12.04.2025,TSV-SKC Baar-Ebenhaus. 1,SKK Mörslingen 1,"Baumgarten, Michel",136,150,159,134,579
10,2024,3239,Männer - Bayernliga Süd,211689,12.04.2025,TSV-SKC Baar-Ebenhaus. 1,SKK Mörslingen 1,"Steinbinder, Bernd",151,144,124,143,562
10,2024,3239,Männer - Bayernliga Süd,211689,12.04.2025,TSV-SKC Baar-Ebenhaus. 1,SKK Mörslingen 1,"Braunstein, Tobias",139,156,133,129,557
10,2024,3239,Männer - Bayernliga Süd,211689,12.04.2025,TSV-SKC Baar-Ebenhaus. 1,SKK Mörslingen 1,"Baur, Michael",137,142,152,138,569
10,2024,3239,Männer - Bayernliga Süd,211689,12.04.2025,TSV-SKC Baar-Ebenhaus. 1,SKK Mörslingen 1,"Mayr, Christian",149,128,128,128,533
10,2024,3239,Männer - Bayernliga Süd,211689,12.04.2025,TSV-SKC Baar-Ebenhaus. 1,SKK Mörslingen 1,"Frank, Fabian",147,148,139,161,595
10,2024,3239,Männer - Bayernliga Süd,211689,12.04.2025,TSV-SKC Baar-Ebenhaus. 1,SKK Mörslingen 1,"Kopold, Christian",125,133,146,130,534
10,2024,3239,Männer - Bayernliga Süd,211689,12.04.2025,TSV-SKC Baar-Ebenhaus. 1,SKK Mörslingen 1,"Engelmayer, Andreas",156,159,138,142,595
10,2024,3241,Männer - Landesliga Mitte,211871,12.04.2025,SC Worzeldorf 1,SKK Neukirchen HB 1,"Stemmert, Kay",128,159,144,154,585
10,2024,3241,Männer - Landesliga Mitte,211871,12.04.2025,SC Worzeldorf 1,SKK Neukirchen HB 1,"Pfeiffer, Markus",154,129,162,159,604
10,2024,3241,Männer - Landesliga Mitte,211871,12.04.2025,SC Worzeldorf 1,SKK Neukirchen HB 1,"Ehrenfort, Andreas",132,135,137,114,518
10,2024,3241,Männer - Landesliga Mitte,211871,12.04.2025,SC Worzeldorf 1,SKK Neukirchen HB 1,"Kräh, Martin",158,164,153,151,626
10,2024,3241,Männer - Landesliga Mitte,211871,12.04.2025,SC Worzeldorf 1,SKK Neukirchen HB 1,"Veith, Andreas",140,141,139,138,558
10,2024,3241,Männer - Landesliga Mitte,211871,12.04.2025,SC Worzeldorf 1,SKK Neukirchen HB 1,"Weiß, Franz-Xaver jun.",142,119,130,135,526
10,2024,3241,Männer - Landesliga Mitte,211871,12.04.2025,SC Worzeldorf 1,SKK Neukirchen HB 1,"Kammerer, Ingo",128,129,145,135,537
10,2024,3241,Männer - Landesliga Mitte,211871,12.04.2025,SC Worzeldorf 1,SKK Neukirchen HB 1,"Hofmann, Lukas",151,146,140,146,583
10,2024,3241,Männer - Landesliga Mitte,211871,12.04.2025,SC Worzeldorf 1,SKK Neukirchen HB 1,"Feinauer, Werner",146,142,138,159,585
10,2024,3241,Männer - Landesliga Mitte,211871,12.04.2025,SC Worzeldorf 1,SKK Neukirchen HB 1,"Schwarz, Tobias",155,141,129,152,577
10,2024,3241,Männer - Landesliga Mitte,211871,12.04.2025,SC Worzeldorf 1,SKK Neukirchen HB 1,"Taschke, Jan",133,134,141,148,556
10,2024,3241,Männer - Landesliga Mitte,211871,12.04.2025,SC Worzeldorf 1,SKK Neukirchen HB 1,"Neumeier, Markus",142,146,142,143,573
10,2024,3241,Männer - Landesliga Mitte,211873,12.04.2025,1. KC Weiherhof 1,SC Luhe-Wildenau 2,"Schuster, Lars",149,144,137,125,555
10,2024,3241,Männer - Landesliga Mitte,211873,12.04.2025,1. KC Weiherhof 1,SC Luhe-Wildenau 2,"Oelke, Rene",117,141,149,130,537
10,2024,3241,Männer - Landesliga Mitte,211873,12.04.2025,1. KC Weiherhof 1,SC Luhe-Wildenau 2,"Pilzer, Martin",135,123,133,141,532
10,2024,3241,Männer - Landesliga Mitte,211873,12.04.2025,1. KC Weiherhof 1,SC Luhe-Wildenau 2,"Ottorepetz, Manuel",151,137,126,138,552
10,2024,3241,Männer - Landesliga Mitte,211873,12.04.2025,1. KC Weiherhof 1,SC Luhe-Wildenau 2,"Fras, Miodrag",136,119,149,136,540
10,2024,3241,Männer - Landesliga Mitte,211873,12.04.2025,1. KC Weiherhof 1,SC Luhe-Wildenau 2,"Grünwald, Jonas",147,126,126,135,534
10,2024,3241,Männer - Landesliga Mitte,211873,12.04.2025,1. KC Weiherhof 1,SC Luhe-Wildenau 2,"Eichhorn, Christian",140,124,155,124,543
10,2024,3241,Männer - Landesliga Mitte,211873,12.04.2025,1. KC Weiherhof 1,SC Luhe-Wildenau 2,"Ertl, Florian",113,133,142,119,507
10,2024,3241,Männer - Landesliga Mitte,211873,12.04.2025,1. KC Weiherhof 1,SC Luhe-Wildenau 2,"Heinfling jun., Michael",117,130,130,160,537
10,2024,3241,Männer - Landesliga Mitte,211873,12.04.2025,1. KC Weiherhof 1,SC Luhe-Wildenau 2,"Kessler, Manuel",138,167,158,161,624
10,2024,3241,Männer - Landesliga Mitte,211873,12.04.2025,1. KC Weiherhof 1,SC Luhe-Wildenau 2,"Kreichauf-Heidenberger, Matthias",142,121,129,142,534
10,2024,3241,Männer - Landesliga Mitte,211873,12.04.2025,1. KC Weiherhof 1,SC Luhe-Wildenau 2,"Göhring, Carsten",132,129,127,143,531
10,2024,3241,Männer - Landesliga Mitte,211869,12.04.2025,TSV Neuhaus 1,GH/TSV Lauf 1,"Grimm, Domenic",132,129,141,149,551
10,2024,3241,Männer - Landesliga Mitte,211869,12.04.2025,TSV Neuhaus 1,GH/TSV Lauf 1,"Lindwurm, Daniel",129,163,122,162,576
10,2024,3241,Männer - Landesliga Mitte,211869,12.04.2025,TSV Neuhaus 1,GH/TSV Lauf 1,"Eibert, Manuel",129,145,126,133,533
10,2024,3241,Männer - Landesliga Mitte,211869,12.04.2025,TSV Neuhaus 1,GH/TSV Lauf 1,"Thüringer, Christian",135,140,149,141,565
10,2024,3241,Männer - Landesliga Mitte,211869,12.04.2025,TSV Neuhaus 1,GH/TSV Lauf 1,"Uebler, Harald",147,129,152,150,578
10,2024,3241,Männer - Landesliga Mitte,211869,12.04.2025,TSV Neuhaus 1,GH/TSV Lauf 1,"Dotterweich, Constantin",143,157,157,137,594
10,2024,3241,Männer - Landesliga Mitte,211869,12.04.2025,TSV Neuhaus 1,GH/TSV Lauf 1,"Eibert, Thomas",119,154,146,132,551
10,2024,3241,Männer - Landesliga Mitte,211869,12.04.2025,TSV Neuhaus 1,GH/TSV Lauf 1,"Straub, Michael",164,134,140,142,580
10,2024,3241,Männer - Landesliga Mitte,211869,12.04.2025,TSV Neuhaus 1,GH/TSV Lauf 1,"Dollinger, Marco",146,135,133,132,546
10,2024,3241,Männer - Landesliga Mitte,211869,12.04.2025,TSV Neuhaus 1,GH/TSV Lauf 1,"Franz, Luca",145,126,134,143,548
10,2024,3241,Männer - Landesliga Mitte,211869,12.04.2025,TSV Neuhaus 1,GH/TSV Lauf 1,"Freund, Gerald",143,139,125,125,532
10,2024,3241,Männer - Landesliga Mitte,211869,12.04.2025,TSV Neuhaus 1,GH/TSV Lauf 1,"Zäch, Dominik",158,134,123,141,556
10,2024,3241,Männer - Landesliga Mitte,211870,12.04.2025,SKC GH SpVgg Weiden 1,RW Hirschau 2,"Schmidt, Thomas",131,152,150,159,592
10,2024,3241,Männer - Landesliga Mitte,211870,12.04.2025,SKC GH SpVgg Weiden 1,RW Hirschau 2,"Plößel, Niklas",118,135,143,144,540
10,2024,3241,Männer - Landesliga Mitte,211870,12.04.2025,SKC GH SpVgg Weiden 1,RW Hirschau 2,"Beege, Christian",146,121,119,116,502
10,2024,3241,Männer - Landesliga Mitte,211870,12.04.2025,SKC GH SpVgg Weiden 1,RW Hirschau 2,"Gebhardt, Patrick",141,139,137,140,557
10,2024,3241,Männer - Landesliga Mitte,211870,12.04.2025,SKC GH SpVgg Weiden 1,RW Hirschau 2,"Koller, Florian",133,143,126,183,585
10,2024,3241,Männer - Landesliga Mitte,211870,12.04.2025,SKC GH SpVgg Weiden 1,RW Hirschau 2,"März, Helmut",154,157,127,124,562
10,2024,3241,Männer - Landesliga Mitte,211870,12.04.2025,SKC GH SpVgg Weiden 1,RW Hirschau 2,"Schmucker, Stefan",129,118,124,160,531
10,2024,3241,Männer - Landesliga Mitte,211870,12.04.2025,SKC GH SpVgg Weiden 1,RW Hirschau 2,"Beckenlechner, Andreas",152,141,163,141,597
10,2024,3241,Männer - Landesliga Mitte,211870,12.04.2025,SKC GH SpVgg Weiden 1,RW Hirschau 2,"Heitzer, Stefan",144,134,144,131,553
10,2024,3241,Männer - Landesliga Mitte,211870,12.04.2025,SKC GH SpVgg Weiden 1,RW Hirschau 2,"Wenzl, Jürgen",154,146,134,139,573
10,2024,3241,Männer - Landesliga Mitte,211870,12.04.2025,SKC GH SpVgg Weiden 1,RW Hirschau 2,"Schmidt, Tobias",139,141,157,161,598
10,2024,3241,Männer - Landesliga Mitte,211870,12.04.2025,SKC GH SpVgg Weiden 1,RW Hirschau 2,"Scharf, Dominik",145,138,136,129,548
10,2024,3241,Männer - Landesliga Mitte,211872,12.04.2025,FAF Hirschau 1,TV Eibach 03 1,"Fröhlich, Sebastian",150,147,140,129,566
10,2024,3241,Männer - Landesliga Mitte,211872,12.04.2025,FAF Hirschau 1,TV Eibach 03 1,"Lehmann, Alexander",132,133,116,122,503
10,2024,3241,Männer - Landesliga Mitte,211872,12.04.2025,FAF Hirschau 1,TV Eibach 03 1,"Rykaczewski, Mario",140,146,153,146,585
10,2024,3241,Männer - Landesliga Mitte,211872,12.04.2025,FAF Hirschau 1,TV Eibach 03 1,"Dzoic, Patrik",134,123,119,115,491
10,2024,3241,Männer - Landesliga Mitte,211872,12.04.2025,FAF Hirschau 1,TV Eibach 03 1,"Sreiber, Stepan",139,135,136,148,558
10,2024,3241,Männer - Landesliga Mitte,211872,12.04.2025,FAF Hirschau 1,TV Eibach 03 1,"Schonert, Frank",128,138,133,128,527
10,2024,3241,Männer - Landesliga Mitte,211872,12.04.2025,FAF Hirschau 1,TV Eibach 03 1,"Lenk, Oliver",136,153,140,116,545
10,2024,3241,Männer - Landesliga Mitte,211872,12.04.2025,FAF Hirschau 1,TV Eibach 03 1,"Dzoic, Daniel",133,128,120,155,536
10,2024,3241,Männer - Landesliga Mitte,211872,12.04.2025,FAF Hirschau 1,TV Eibach 03 1,"Benaburger, Dominik",145,151,133,141,570
10,2024,3241,Männer - Landesliga Mitte,211872,12.04.2025,FAF Hirschau 1,TV Eibach 03 1,"Stollar, Julian Luca",129,102,132,146,509
10,2024,3241,Männer - Landesliga Mitte,211872,12.04.2025,FAF Hirschau 1,TV Eibach 03 1,"Benaburger, Gerhard",126,125,139,117,507
10,2024,3241,Männer - Landesliga Mitte,211872,12.04.2025,FAF Hirschau 1,TV Eibach 03 1,"Brüssel, Alexander",148,152,135,150,585
10,2024,3240,Männer - Landesliga Nord,211781,12.04.2025,Germania Marktbreit 1,TSV Breitengüßbach 2,"Haaf, Ernst Karl",143,146,146,159,594
10,2024,3240,Männer - Landesliga Nord,211781,12.04.2025,Germania Marktbreit 1,TSV Breitengüßbach 2,"Schneider, Michael",138,138,144,130,550
10,2024,3240,Männer - Landesliga Nord,211781,12.04.2025,Germania Marktbreit 1,TSV Breitengüßbach 2,"Knieling, Roland",130,138,139,128,535
10,2024,3240,Männer - Landesliga Nord,211781,12.04.2025,Germania Marktbreit 1,TSV Breitengüßbach 2,"Schneider, Pascal",159,149,131,129,568
10,2024,3240,Männer - Landesliga Nord,211781,12.04.2025,Germania Marktbreit 1,TSV Breitengüßbach 2,"Lohmüller, Markus",133,129,120,127,509
10,2024,3240,Männer - Landesliga Nord,211781,12.04.2025,Germania Marktbreit 1,TSV Breitengüßbach 2,"Scheel, Markus",136,129,151,134,550
10,2024,3240,Männer - Landesliga Nord,211781,12.04.2025,Germania Marktbreit 1,TSV Breitengüßbach 2,"Papke, Kurt",120,136,116,,372
10,2024,3240,Männer - Landesliga Nord,211781,12.04.2025,Germania Marktbreit 1,TSV Breitengüßbach 2,"Schneiderbanger, Daniel",136,115,152,136,539
10,2024,3240,Männer - Landesliga Nord,211781,12.04.2025,Germania Marktbreit 1,TSV Breitengüßbach 2,"Hanselmann, Michael",,,,121,121
10,2024,3240,Männer - Landesliga Nord,211781,12.04.2025,Germania Marktbreit 1,TSV Breitengüßbach 2,"Gast, Uwe",132,137,157,142,568
10,2024,3240,Männer - Landesliga Nord,211781,12.04.2025,Germania Marktbreit 1,TSV Breitengüßbach 2,"Seuss, Michael",146,138,140,145,569
10,2024,3240,Männer - Landesliga Nord,211781,12.04.2025,Germania Marktbreit 1,TSV Breitengüßbach 2,"Haaf, Yannick",129,151,154,163,597
10,2024,3240,Männer - Landesliga Nord,211781,12.04.2025,Germania Marktbreit 1,TSV Breitengüßbach 2,"Förster, Marcel",148,132,142,135,557
10,2024,3240,Männer - Landesliga Nord,211782,12.04.2025,SpG Werntal 1,SpG Bad Neustadt Saale 1,"Kuhles, Michael",138,119,122,154,533
10,2024,3240,Männer - Landesliga Nord,211782,12.04.2025,SpG Werntal 1,SpG Bad Neustadt Saale 1,"Dieterich, Daniel",145,145,140,144,574
10,2024,3240,Männer - Landesliga Nord,211782,12.04.2025,SpG Werntal 1,SpG Bad Neustadt Saale 1,"Greif, Bastian",145,141,131,149,566
10,2024,3240,Männer - Landesliga Nord,211782,12.04.2025,SpG Werntal 1,SpG Bad Neustadt Saale 1,"Büttner, Manuel",144,115,122,132,513
10,2024,3240,Männer - Landesliga Nord,211782,12.04.2025,SpG Werntal 1,SpG Bad Neustadt Saale 1,"Greif, Maximilian",148,140,120,137,545
10,2024,3240,Männer - Landesliga Nord,211782,12.04.2025,SpG Werntal 1,SpG Bad Neustadt Saale 1,"Braun, Dominic",126,139,136,125,526
10,2024,3240,Männer - Landesliga Nord,211782,12.04.2025,SpG Werntal 1,SpG Bad Neustadt Saale 1,"Dressler, Lars",138,144,129,149,560
10,2024,3240,Männer - Landesliga Nord,211782,12.04.2025,SpG Werntal 1,SpG Bad Neustadt Saale 1,"Kugler, Sascha",138,137,146,113,534
10,2024,3240,Männer - Landesliga Nord,211782,12.04.2025,SpG Werntal 1,SpG Bad Neustadt Saale 1,"Willacker, Andreas",147,153,148,157,605
10,2024,3240,Männer - Landesliga Nord,211782,12.04.2025,SpG Werntal 1,SpG Bad Neustadt Saale 1,"Hümpfner, Ulrich",112,138,131,135,516
10,2024,3240,Männer - Landesliga Nord,211782,12.04.2025,SpG Werntal 1,SpG Bad Neustadt Saale 1,"Geyer, Frank",147,123,142,126,538
10,2024,3240,Männer - Landesliga Nord,211782,12.04.2025,SpG Werntal 1,SpG Bad Neustadt Saale 1,"Schubert, Sven",139,115,142,143,539
10,2024,3240,Männer - Landesliga Nord,211779,12.04.2025,Dreieck Schweinfurt 1,Schützengilde Bayreuth 1,"Herder, Sven",133,129,138,120,520
10,2024,3240,Männer - Landesliga Nord,211779,12.04.2025,Dreieck Schweinfurt 1,Schützengilde Bayreuth 1,"Giptner, Aaron",135,145,136,133,549
10,2024,3240,Männer - Landesliga Nord,211779,12.04.2025,Dreieck Schweinfurt 1,Schützengilde Bayreuth 1,"Böhnlein, Horst",114,111,137,116,478
10,2024,3240,Männer - Landesliga Nord,211779,12.04.2025,Dreieck Schweinfurt 1,Schützengilde Bayreuth 1,"Reiß, Manuel",150,151,143,130,574
10,2024,3240,Männer - Landesliga Nord,211779,12.04.2025,Dreieck Schweinfurt 1,Schützengilde Bayreuth 1,"Jelitto, Florian",133,121,123,152,529
10,2024,3240,Männer - Landesliga Nord,211779,12.04.2025,Dreieck Schweinfurt 1,Schützengilde Bayreuth 1,"Faßold, Christian",126,134,124,128,512
10,2024,3240,Männer - Landesliga Nord,211779,12.04.2025,Dreieck Schweinfurt 1,Schützengilde Bayreuth 1,"Brandl, Gerald",118,125,133,141,517
10,2024,3240,Männer - Landesliga Nord,211779,12.04.2025,Dreieck Schweinfurt 1,Schützengilde Bayreuth 1,"Wolfrum, Thomas",146,145,137,144,572
10,2024,3240,Männer - Landesliga Nord,211779,12.04.2025,Dreieck Schweinfurt 1,Schützengilde Bayreuth 1,"Sturm, Wolfgang",155,130,121,143,549
10,2024,3240,Männer - Landesliga Nord,211779,12.04.2025,Dreieck Schweinfurt 1,Schützengilde Bayreuth 1,"Kolb, Marc-Andreas",132,156,137,135,560
10,2024,3240,Männer - Landesliga Nord,211779,12.04.2025,Dreieck Schweinfurt 1,Schützengilde Bayreuth 1,"Elekes, Istvan",131,132,130,122,515
10,2024,3240,Männer - Landesliga Nord,211779,12.04.2025,Dreieck Schweinfurt 1,Schützengilde Bayreuth 1,"Pape, Fabian",138,126,139,130,533
10,2024,3240,Männer - Landesliga Nord,211780,12.04.2025,SKC Adler Eichenhüll 1,SKC Fölschnitz 1,"Landmann, Bastian",144,142,153,159,598
10,2024,3240,Männer - Landesliga Nord,211780,12.04.2025,SKC Adler Eichenhüll 1,SKC Fölschnitz 1,"Hohlweg, Sebastian",133,149,159,149,590
10,2024,3240,Männer - Landesliga Nord,211780,12.04.2025,SKC Adler Eichenhüll 1,SKC Fölschnitz 1,"Roßmerkel, Lukas",133,144,154,129,560
10,2024,3240,Männer - Landesliga Nord,211780,12.04.2025,SKC Adler Eichenhüll 1,SKC Fölschnitz 1,"Paulus, Steve",142,131,146,140,559
10,2024,3240,Männer - Landesliga Nord,211780,12.04.2025,SKC Adler Eichenhüll 1,SKC Fölschnitz 1,"Hübner, Markus",134,159,155,160,608
10,2024,3240,Männer - Landesliga Nord,211780,12.04.2025,SKC Adler Eichenhüll 1,SKC Fölschnitz 1,"Wilferth, Dominik",137,148,134,148,567
10,2024,3240,Männer - Landesliga Nord,211780,12.04.2025,SKC Adler Eichenhüll 1,SKC Fölschnitz 1,"Löhrlein, Elmar",169,139,145,153,606
10,2024,3240,Männer - Landesliga Nord,211780,12.04.2025,SKC Adler Eichenhüll 1,SKC Fölschnitz 1,"Gräf, Alexander",120,139,,,259
10,2024,3240,Männer - Landesliga Nord,211780,12.04.2025,SKC Adler Eichenhüll 1,SKC Fölschnitz 1,"Welzel, Rainer",,,128,114,242
10,2024,3240,Männer - Landesliga Nord,211780,12.04.2025,SKC Adler Eichenhüll 1,SKC Fölschnitz 1,"Teufel, Dominik",155,168,142,168,633
10,2024,3240,Männer - Landesliga Nord,211780,12.04.2025,SKC Adler Eichenhüll 1,SKC Fölschnitz 1,"Haberstumpf, Andreas",150,159,140,152,601
10,2024,3240,Männer - Landesliga Nord,211780,12.04.2025,SKC Adler Eichenhüll 1,SKC Fölschnitz 1,"Gunzelmann, Niko",150,139,171,156,616
10,2024,3240,Männer - Landesliga Nord,211780,12.04.2025,SKC Adler Eichenhüll 1,SKC Fölschnitz 1,"Riediger, Oliver",129,172,144,153,598
10,2024,3240,Männer - Landesliga Nord,211783,12.04.2025,RSC Concordia Oberhaid 1,SpG Haßfurt/Theres 1,"Roos, Andre",117,141,,,258
10,2024,3240,Männer - Landesliga Nord,211783,12.04.2025,RSC Concordia Oberhaid 1,SpG Haßfurt/Theres 1,"Hunger, Michael",119,123,149,141,532
10,2024,3240,Männer - Landesliga Nord,211783,12.04.2025,RSC Concordia Oberhaid 1,SpG Haßfurt/Theres 1,"Eichner, Marcus",,,123,122,245
10,2024,3240,Männer - Landesliga Nord,211783,12.04.2025,RSC Concordia Oberhaid 1,SpG Haßfurt/Theres 1,"Spath, Dominik",146,129,125,158,558
10,2024,3240,Männer - Landesliga Nord,211783,12.04.2025,RSC Concordia Oberhaid 1,SpG Haßfurt/Theres 1,"Birner, Andre",125,144,142,156,567
10,2024,3240,Männer - Landesliga Nord,211783,12.04.2025,RSC Concordia Oberhaid 1,SpG Haßfurt/Theres 1,"Eichhorn, Stefan",151,143,138,122,554
10,2024,3240,Männer - Landesliga Nord,211783,12.04.2025,RSC Concordia Oberhaid 1,SpG Haßfurt/Theres 1,"Mahr, Alexander",147,147,165,137,596
10,2024,3240,Männer - Landesliga Nord,211783,12.04.2025,RSC Concordia Oberhaid 1,SpG Haßfurt/Theres 1,"Müller, Thomas",157,164,137,140,598
10,2024,3240,Männer - Landesliga Nord,211783,12.04.2025,RSC Concordia Oberhaid 1,SpG Haßfurt/Theres 1,"Voit, Philipp",133,149,117,148,547
10,2024,3240,Männer - Landesliga Nord,211783,12.04.2025,RSC Concordia Oberhaid 1,SpG Haßfurt/Theres 1,"Helbig, Sebastian",139,135,128,144,546
10,2024,3240,Männer - Landesliga Nord,211783,12.04.2025,RSC Concordia Oberhaid 1,SpG Haßfurt/Theres 1,"Schneider, Heiko",137,147,152,127,563
10,2024,3240,Männer - Landesliga Nord,211783,12.04.2025,RSC Concordia Oberhaid 1,SpG Haßfurt/Theres 1,"Corintan, Christian",134,136,129,125,524
10,2024,3240,Männer - Landesliga Nord,211783,12.04.2025,RSC Concordia Oberhaid 1,SpG Haßfurt/Theres 1,"Werner, Christoph",125,135,139,137,536
10,2024,3242,Männer - Landesliga Ost,211962,12.04.2025,Moosburger Keglerverein 1,ESV Plattling 1,"Wasserl, Michael",129,131,142,153,555
10,2024,3242,Männer - Landesliga Ost,211962,12.04.2025,Moosburger Keglerverein 1,ESV Plattling 1,"Kagerbauer, Alois",125,110,125,128,488
10,2024,3242,Männer - Landesliga Ost,211962,12.04.2025,Moosburger Keglerverein 1,ESV Plattling 1,"Hohn, Felix",128,154,127,141,550
10,2024,3242,Männer - Landesliga Ost,211962,12.04.2025,Moosburger Keglerverein 1,ESV Plattling 1,"Altmann, Matthias",158,135,128,128,549
10,2024,3242,Männer - Landesliga Ost,211962,12.04.2025,Moosburger Keglerverein 1,ESV Plattling 1,"Empl, Tobias",151,143,160,125,579
10,2024,3242,Männer - Landesliga Ost,211962,12.04.2025,Moosburger Keglerverein 1,ESV Plattling 1,"Christ, Karl-Heinz",153,134,169,135,591
10,2024,3242,Männer - Landesliga Ost,211962,12.04.2025,Moosburger Keglerverein 1,ESV Plattling 1,"Kufer, Lukas",137,147,130,142,556
10,2024,3242,Männer - Landesliga Ost,211962,12.04.2025,Moosburger Keglerverein 1,ESV Plattling 1,"Loibl, Johannes",123,136,157,164,580
10,2024,3242,Männer - Landesliga Ost,211962,12.04.2025,Moosburger Keglerverein 1,ESV Plattling 1,"Kastl, Benedikt",119,142,145,138,544
10,2024,3242,Männer - Landesliga Ost,211962,12.04.2025,Moosburger Keglerverein 1,ESV Plattling 1,"Matzelsberger, Daniel",124,158,145,134,561
10,2024,3242,Männer - Landesliga Ost,211962,12.04.2025,Moosburger Keglerverein 1,ESV Plattling 1,"Kufer, Fabian",131,151,129,143,554
10,2024,3242,Männer - Landesliga Ost,211962,12.04.2025,Moosburger Keglerverein 1,ESV Plattling 1,"Malek, Lukas",113,95,113,126,447
10,2024,3242,Männer - Landesliga Ost,211959,12.04.2025,SpG Bavaria/Turnerbund 1,TSV Milbertshofen 2,"Hilpert, Werner",155,149,145,140,589
10,2024,3242,Männer - Landesliga Ost,211959,12.04.2025,SpG Bavaria/Turnerbund 1,TSV Milbertshofen 2,"Stössl, Werner",132,124,133,146,535
10,2024,3242,Männer - Landesliga Ost,211959,12.04.2025,SpG Bavaria/Turnerbund 1,TSV Milbertshofen 2,"Hagn, Stefan",138,132,137,134,541
10,2024,3242,Männer - Landesliga Ost,211959,12.04.2025,SpG Bavaria/Turnerbund 1,TSV Milbertshofen 2,"Partheymüller, Johannes",126,144,175,156,601
10,2024,3242,Männer - Landesliga Ost,211959,12.04.2025,SpG Bavaria/Turnerbund 1,TSV Milbertshofen 2,"Moldenhauer, Klaus",121,146,149,136,552
10,2024,3242,Männer - Landesliga Ost,211959,12.04.2025,SpG Bavaria/Turnerbund 1,TSV Milbertshofen 2,"Neumayr, Luca",147,143,153,144,587
10,2024,3242,Männer - Landesliga Ost,211959,12.04.2025,SpG Bavaria/Turnerbund 1,TSV Milbertshofen 2,"Hofstede, Maximilian",166,132,169,142,609
10,2024,3242,Männer - Landesliga Ost,211959,12.04.2025,SpG Bavaria/Turnerbund 1,TSV Milbertshofen 2,"Übensee, Olaf",137,155,143,137,572
10,2024,3242,Männer - Landesliga Ost,211959,12.04.2025,SpG Bavaria/Turnerbund 1,TSV Milbertshofen 2,"Lorenz, Philip",139,160,132,135,566
10,2024,3242,Männer - Landesliga Ost,211959,12.04.2025,SpG Bavaria/Turnerbund 1,TSV Milbertshofen 2,"Storch, Marco",129,118,133,154,534
10,2024,3242,Männer - Landesliga Ost,211959,12.04.2025,SpG Bavaria/Turnerbund 1,TSV Milbertshofen 2,"Weinack, Steffen",144,135,139,135,553
10,2024,3242,Männer - Landesliga Ost,211959,12.04.2025,SpG Bavaria/Turnerbund 1,TSV Milbertshofen 2,"Wöhle, Maik",165,138,120,162,585
10,2024,3242,Männer - Landesliga Ost,211963,12.04.2025,KC Bernried 1,SKC Germanen 1,"Loch, Alexander",105,114,111,,330
10,2024,3242,Männer - Landesliga Ost,211963,12.04.2025,KC Bernried 1,SKC Germanen 1,"Pröll, Norbert",140,136,134,137,547
10,2024,3242,Männer - Landesliga Ost,211963,12.04.2025,KC Bernried 1,SKC Germanen 1,"Wurzer, Michael",,,,121,121
10,2024,3242,Männer - Landesliga Ost,211963,12.04.2025,KC Bernried 1,SKC Germanen 1,"Moosner, Andreas",137,145,142,155,579
10,2024,3242,Männer - Landesliga Ost,211963,12.04.2025,KC Bernried 1,SKC Germanen 1,"Hagemann, Markus",160,130,158,156,604
10,2024,3242,Männer - Landesliga Ost,211963,12.04.2025,KC Bernried 1,SKC Germanen 1,"Geith, Lukas",123,156,132,123,534
10,2024,3242,Männer - Landesliga Ost,211963,12.04.2025,KC Bernried 1,SKC Germanen 1,"Honermeier, Pascal",152,149,140,142,583
10,2024,3242,Männer - Landesliga Ost,211963,12.04.2025,KC Bernried 1,SKC Germanen 1,"Schwindl, Josef",138,164,165,156,623
10,2024,3242,Männer - Landesliga Ost,211963,12.04.2025,KC Bernried 1,SKC Germanen 1,"Wodtke, Klaus-Dieter",126,136,138,151,551
10,2024,3242,Männer - Landesliga Ost,211963,12.04.2025,KC Bernried 1,SKC Germanen 1,"Schrettenbrunner, Marco",141,138,137,129,545
10,2024,3242,Männer - Landesliga Ost,211963,12.04.2025,KC Bernried 1,SKC Germanen 1,"Kistritz, Martin",123,119,145,141,528
10,2024,3242,Männer - Landesliga Ost,211963,12.04.2025,KC Bernried 1,SKC Germanen 1,"Schmid, Sebastian",138,146,140,140,564
10,2024,3242,Männer - Landesliga Ost,211963,12.04.2025,KC Bernried 1,SKC Germanen 1,"Klopp, Michael",114,157,137,159,567
10,2024,3242,Männer - Landesliga Ost,211961,12.04.2025,Altschaching Deggendorf 1,SpG S´Posching/Neuhaus. 1,"Göstl, Norbert",147,147,141,158,593
10,2024,3242,Männer - Landesliga Ost,211961,12.04.2025,Altschaching Deggendorf 1,SpG S´Posching/Neuhaus. 1,"Moosner, Michael",131,130,134,139,534
10,2024,3242,Männer - Landesliga Ost,211961,12.04.2025,Altschaching Deggendorf 1,SpG S´Posching/Neuhaus. 1,"Simbeck, Roman",136,148,127,124,535
10,2024,3242,Männer - Landesliga Ost,211961,12.04.2025,Altschaching Deggendorf 1,SpG S´Posching/Neuhaus. 1,"Rohrmeier, Manuel",155,151,132,140,578
10,2024,3242,Männer - Landesliga Ost,211961,12.04.2025,Altschaching Deggendorf 1,SpG S´Posching/Neuhaus. 1,"Breuherr, Stefan",147,152,120,140,559
10,2024,3242,Männer - Landesliga Ost,211961,12.04.2025,Altschaching Deggendorf 1,SpG S´Posching/Neuhaus. 1,"Sterner, Alois",154,126,143,127,550
10,2024,3242,Männer - Landesliga Ost,211961,12.04.2025,Altschaching Deggendorf 1,SpG S´Posching/Neuhaus. 1,"Jakob, Matthias",135,143,136,125,539
10,2024,3242,Männer - Landesliga Ost,211961,12.04.2025,Altschaching Deggendorf 1,SpG S´Posching/Neuhaus. 1,"Klein, Bernhard",142,133,123,115,513
10,2024,3242,Männer - Landesliga Ost,211961,12.04.2025,Altschaching Deggendorf 1,SpG S´Posching/Neuhaus. 1,"Hundsrucker, Erwin",128,129,133,134,524
10,2024,3242,Männer - Landesliga Ost,211961,12.04.2025,Altschaching Deggendorf 1,SpG S´Posching/Neuhaus. 1,"Rohrmeier, Andreas",133,128,135,144,540
10,2024,3242,Männer - Landesliga Ost,211961,12.04.2025,Altschaching Deggendorf 1,SpG S´Posching/Neuhaus. 1,"Breuherr, Werner",128,,,,128
10,2024,3242,Männer - Landesliga Ost,211961,12.04.2025,Altschaching Deggendorf 1,SpG S´Posching/Neuhaus. 1,"Rohrmeier, Jürgen",150,120,139,138,547
10,2024,3242,Männer - Landesliga Ost,211961,12.04.2025,Altschaching Deggendorf 1,SpG S´Posching/Neuhaus. 1,"Breuherr, Roland",,106,113,123,342
10,2024,3242,Männer - Landesliga Ost,211960,12.04.2025,SKC Lohhof 1,SKK Oberlauterbach 1,"Gavriloiu, Sorin",146,134,162,140,582
10,2024,3242,Männer - Landesliga Ost,211960,12.04.2025,SKC Lohhof 1,SKK Oberlauterbach 1,"Hoffmann, Julian",144,127,128,123,522
10,2024,3242,Männer - Landesliga Ost,211960,12.04.2025,SKC Lohhof 1,SKK Oberlauterbach 1,"Schüchel, Werner",139,126,140,137,542
10,2024,3242,Männer - Landesliga Ost,211960,12.04.2025,SKC Lohhof 1,SKK Oberlauterbach 1,"Nather, Ralf",146,151,156,126,579
10,2024,3242,Männer - Landesliga Ost,211960,12.04.2025,SKC Lohhof 1,SKK Oberlauterbach 1,"Puskaric, Kristijan",149,147,119,131,546
10,2024,3242,Männer - Landesliga Ost,211960,12.04.2025,SKC Lohhof 1,SKK Oberlauterbach 1,"Faltermeier, Tobias",121,123,128,126,498
10,2024,3242,Männer - Landesliga Ost,211960,12.04.2025,SKC Lohhof 1,SKK Oberlauterbach 1,"Wunderlich, Anton",150,125,123,114,512
10,2024,3242,Männer - Landesliga Ost,211960,12.04.2025,SKC Lohhof 1,SKK Oberlauterbach 1,"Jobstmann, Sebastian",140,137,134,149,560
10,2024,3242,Männer - Landesliga Ost,211960,12.04.2025,SKC Lohhof 1,SKK Oberlauterbach 1,"Pemper, Tomislav",125,127,108,,360
10,2024,3242,Männer - Landesliga Ost,211960,12.04.2025,SKC Lohhof 1,SKK Oberlauterbach 1,"Faltermeier, Tim",141,159,135,140,575
10,2024,3242,Männer - Landesliga Ost,211960,12.04.2025,SKC Lohhof 1,SKK Oberlauterbach 1,"Oster, Josef",,,,133,133
10,2024,3242,Männer - Landesliga Ost,211960,12.04.2025,SKC Lohhof 1,SKK Oberlauterbach 1,"Schüchel, Florian",132,134,141,148,555
10,2024,3242,Männer - Landesliga Ost,211960,12.04.2025,SKC Lohhof 1,SKK Oberlauterbach 1,"Hoffmann, Thomas",137,134,123,152,546
10,2024,3243,Männer - Landesliga Süd,261272,12.04.2025,KRC Kipfenberg 2,DJK Eichstätt 1,"Gloßner, Markus",128,139,143,148,558
10,2024,3243,Männer - Landesliga Süd,261272,12.04.2025,KRC Kipfenberg 2,DJK Eichstätt 1,"Kögler, Marc",136,130,141,145,552
10,2024,3243,Männer - Landesliga Süd,261272,12.04.2025,KRC Kipfenberg 2,DJK Eichstätt 1,"Paolini, Antonio",107,,,,107
10,2024,3243,Männer - Landesliga Süd,261272,12.04.2025,KRC Kipfenberg 2,DJK Eichstätt 1,"Niebler, Christian",159,172,144,146,621
10,2024,3243,Männer - Landesliga Süd,261272,12.04.2025,KRC Kipfenberg 2,DJK Eichstätt 1,"Seeger, Christian",,140,151,149,440
10,2024,3243,Männer - Landesliga Süd,261272,12.04.2025,KRC Kipfenberg 2,DJK Eichstätt 1,"Weber, Michael",134,148,147,159,588
10,2024,3243,Männer - Landesliga Süd,261272,12.04.2025,KRC Kipfenberg 2,DJK Eichstätt 1,"Spiegel, Christian",169,137,150,159,615
10,2024,3243,Männer - Landesliga Süd,261272,12.04.2025,KRC Kipfenberg 2,DJK Eichstätt 1,"Papp, Gabor",116,128,123,142,509
10,2024,3243,Männer - Landesliga Süd,261272,12.04.2025,KRC Kipfenberg 2,DJK Eichstätt 1,"Niefnecker, Andreas",155,159,163,150,627
10,2024,3243,Männer - Landesliga Süd,261272,12.04.2025,KRC Kipfenberg 2,DJK Eichstätt 1,"Loncarevic, Ivica",129,134,153,155,571
10,2024,3243,Männer - Landesliga Süd,261272,12.04.2025,KRC Kipfenberg 2,DJK Eichstätt 1,"Niefnecker, Michael",138,151,145,138,572
10,2024,3243,Männer - Landesliga Süd,261272,12.04.2025,KRC Kipfenberg 2,DJK Eichstätt 1,"Simon, Holger",140,140,136,132,548
10,2024,3243,Männer - Landesliga Süd,261272,12.04.2025,KRC Kipfenberg 2,DJK Eichstätt 1,"Heigl, Benjamin",148,131,118,139,536
10,2024,3243,Männer - Landesliga Süd,261273,12.04.2025,SpG Kolbermoor-Schech. 1,SSV Bobingen 2,"Guter, Werner",120,114,105,118,457
10,2024,3243,Männer - Landesliga Süd,261273,12.04.2025,SpG Kolbermoor-Schech. 1,SSV Bobingen 2,"Dischl, Johann",112,126,107,95,440
10,2024,3243,Männer - Landesliga Süd,261273,12.04.2025,SpG Kolbermoor-Schech. 1,SSV Bobingen 2,"Warter, Frank",112,133,123,127,495
10,2024,3243,Männer - Landesliga Süd,261273,12.04.2025,SpG Kolbermoor-Schech. 1,SSV Bobingen 2,"Gilg, Richard",87,96,109,104,396
10,2024,3243,Männer - Landesliga Süd,261273,12.04.2025,SpG Kolbermoor-Schech. 1,SSV Bobingen 2,"Dangl, Bernhard",132,131,139,139,541
10,2024,3243,Männer - Landesliga Süd,261273,12.04.2025,SpG Kolbermoor-Schech. 1,SSV Bobingen 2,"Lorz, Alfred",119,107,118,91,435
10,2024,3243,Männer - Landesliga Süd,261273,12.04.2025,SpG Kolbermoor-Schech. 1,SSV Bobingen 2,"Wechselberger, Thomas",128,125,131,136,520
10,2024,3243,Männer - Landesliga Süd,261273,12.04.2025,SpG Kolbermoor-Schech. 1,SSV Bobingen 2,"Klein, Walter",127,138,107,113,485
10,2024,3243,Männer - Landesliga Süd,261273,12.04.2025,SpG Kolbermoor-Schech. 1,SSV Bobingen 2,"Böhme, Bernhard",130,139,,,269
10,2024,3243,Männer - Landesliga Süd,261273,12.04.2025,SpG Kolbermoor-Schech. 1,SSV Bobingen 2,"Richter, Georg",107,119,120,127,473
10,2024,3243,Männer - Landesliga Süd,261273,12.04.2025,SpG Kolbermoor-Schech. 1,SSV Bobingen 2,"Lang, Florian",,,132,98,230
10,2024,3243,Männer - Landesliga Süd,261273,12.04.2025,SpG Kolbermoor-Schech. 1,SSV Bobingen 2,"Mudrich, Maximilian",113,112,118,130,473
10,2024,3243,Männer - Landesliga Süd,261273,12.04.2025,SpG Kolbermoor-Schech. 1,SSV Bobingen 2,"Müller, Stephan",119,131,,,250
10,2024,3243,Männer - Landesliga Süd,261273,12.04.2025,SpG Kolbermoor-Schech. 1,SSV Bobingen 2,"Haft, Robert",,,71,95,166
10,2024,3243,Männer - Landesliga Süd,261271,12.04.2025,Fortuna Schwabmünchen 1,SKC Töging Erharting 2,"Breyer, Hans Peter",161,141,141,145,588
10,2024,3243,Männer - Landesliga Süd,261271,12.04.2025,Fortuna Schwabmünchen 1,SKC Töging Erharting 2,"Giesecke, Simon",140,144,130,137,551
10,2024,3243,Männer - Landesliga Süd,261271,12.04.2025,Fortuna Schwabmünchen 1,SKC Töging Erharting 2,"Oswald, Joachim",161,161,170,140,632
10,2024,3243,Männer - Landesliga Süd,261271,12.04.2025,Fortuna Schwabmünchen 1,SKC Töging Erharting 2,"Stockinger, Willi",132,167,137,159,595
10,2024,3243,Männer - Landesliga Süd,261271,12.04.2025,Fortuna Schwabmünchen 1,SKC Töging Erharting 2,"Stein, Patrick",134,156,137,153,580
10,2024,3243,Männer - Landesliga Süd,261271,12.04.2025,Fortuna Schwabmünchen 1,SKC Töging Erharting 2,"Leserer, Karlheinz",175,130,164,143,612
10,2024,3243,Männer - Landesliga Süd,261271,12.04.2025,Fortuna Schwabmünchen 1,SKC Töging Erharting 2,"Below, Maximilian",151,154,140,134,579
10,2024,3243,Männer - Landesliga Süd,261271,12.04.2025,Fortuna Schwabmünchen 1,SKC Töging Erharting 2,"Winkler, Franz",149,144,142,118,553
10,2024,3243,Männer - Landesliga Süd,261271,12.04.2025,Fortuna Schwabmünchen 1,SKC Töging Erharting 2,"Traber, Holger",145,148,128,,421
10,2024,3243,Männer - Landesliga Süd,261271,12.04.2025,Fortuna Schwabmünchen 1,SKC Töging Erharting 2,"Winkler, Josef",132,145,138,126,541
10,2024,3243,Männer - Landesliga Süd,261271,12.04.2025,Fortuna Schwabmünchen 1,SKC Töging Erharting 2,"Below, Markus",,,,148,148
10,2024,3243,Männer - Landesliga Süd,261271,12.04.2025,Fortuna Schwabmünchen 1,SKC Töging Erharting 2,"Stenke, Daniel",136,136,154,144,570
10,2024,3243,Männer - Landesliga Süd,261271,12.04.2025,Fortuna Schwabmünchen 1,SKC Töging Erharting 2,"Weindl, Stefan",149,130,136,,415
10,2024,3243,Männer - Landesliga Süd,261271,12.04.2025,Fortuna Schwabmünchen 1,SKC Töging Erharting 2,"Strobl, Sascha",,,,142,142
10,2024,3243,Männer - Landesliga Süd,261270,12.04.2025,FV Gerlenhofen 1,SV Zuchering 1,"Silva Lameira, Marcelo",148,141,118,172,579
10,2024,3243,Männer - Landesliga Süd,261270,12.04.2025,FV Gerlenhofen 1,SV Zuchering 1,"Lösel, Christian",144,156,152,148,600
10,2024,3243,Männer - Landesliga Süd,261270,12.04.2025,FV Gerlenhofen 1,SV Zuchering 1,"Ritlewski, Jan",142,139,143,151,575
10,2024,3243,Männer - Landesliga Süd,261270,12.04.2025,FV Gerlenhofen 1,SV Zuchering 1,"Schuller, Markus",143,131,129,139,542
10,2024,3243,Männer - Landesliga Süd,261270,12.04.2025,FV Gerlenhofen 1,SV Zuchering 1,"Bühler, Martin",132,140,129,128,529
10,2024,3243,Männer - Landesliga Süd,261270,12.04.2025,FV Gerlenhofen 1,SV Zuchering 1,"Kellner, Martin",119,139,137,142,537
10,2024,3243,Männer - Landesliga Süd,261270,12.04.2025,FV Gerlenhofen 1,SV Zuchering 1,"Bühler, Udo",145,163,180,142,630
10,2024,3243,Männer - Landesliga Süd,261270,12.04.2025,FV Gerlenhofen 1,SV Zuchering 1,"Lösel, Simon",142,148,129,128,547
10,2024,3243,Männer - Landesliga Süd,261270,12.04.2025,FV Gerlenhofen 1,SV Zuchering 1,"Mazeth, Alexander",141,150,141,133,565
10,2024,3243,Männer - Landesliga Süd,261270,12.04.2025,FV Gerlenhofen 1,SV Zuchering 1,"Bleier, Thomas",142,136,141,120,539
10,2024,3243,Männer - Landesliga Süd,261270,12.04.2025,FV Gerlenhofen 1,SV Zuchering 1,"Klose, Jörg",138,124,136,145,543
10,2024,3243,Männer - Landesliga Süd,261270,12.04.2025,FV Gerlenhofen 1,SV Zuchering 1,"Spiegl, Bernd",125,138,130,103,496
10,2024,3243,Männer - Landesliga Süd,261274,12.04.2025,Gut Holz Eberfing 1,KF Jedesheim 1,"Gattinger, Andreas",134,174,144,131,583
10,2024,3243,Männer - Landesliga Süd,261274,12.04.2025,Gut Holz Eberfing 1,KF Jedesheim 1,"Merk, Alexander",141,129,135,130,535
10,2024,3243,Männer - Landesliga Süd,261274,12.04.2025,Gut Holz Eberfing 1,KF Jedesheim 1,"Kühberger, Eric",145,162,153,142,602
10,2024,3243,Männer - Landesliga Süd,261274,12.04.2025,Gut Holz Eberfing 1,KF Jedesheim 1,"Stimpfle, Nico",136,160,163,141,600
10,2024,3243,Männer - Landesliga Süd,261274,12.04.2025,Gut Holz Eberfing 1,KF Jedesheim 1,"Resch, Hubert",125,133,131,137,526
10,2024,3243,Männer - Landesliga Süd,261274,12.04.2025,Gut Holz Eberfing 1,KF Jedesheim 1,"Schuldis, Andreas",130,130,150,139,549
10,2024,3243,Männer - Landesliga Süd,261274,12.04.2025,Gut Holz Eberfing 1,KF Jedesheim 1,"Lange, Matthias",143,150,170,150,613
10,2024,3243,Männer - Landesliga Süd,261274,12.04.2025,Gut Holz Eberfing 1,KF Jedesheim 1,"Amon, Benjamin",110,131,125,120,486
10,2024,3243,Männer - Landesliga Süd,261274,12.04.2025,Gut Holz Eberfing 1,KF Jedesheim 1,"Kriesmair, Alois",145,138,144,142,569
10,2024,3243,Männer - Landesliga Süd,261274,12.04.2025,Gut Holz Eberfing 1,KF Jedesheim 1,"Heidrich, Kevin",120,124,142,127,513
10,2024,3243,Männer - Landesliga Süd,261274,12.04.2025,Gut Holz Eberfing 1,KF Jedesheim 1,"Lindner, Markus",125,155,143,156,579
10,2024,3243,Männer - Landesliga Süd,261274,12.04.2025,Gut Holz Eberfing 1,KF Jedesheim 1,"Badent, Peter",141,146,130,119,536
10,2024,3256,Frauen - Bayernliga Nord,207789,12.04.2025,TV Eibach 03 1,SpG Bischberg/Eintracht 1,"Cohn, Iris",128,147,122,126,523
10,2024,3256,Frauen - Bayernliga Nord,207789,12.04.2025,TV Eibach 03 1,SpG Bischberg/Eintracht 1,"Stubenrauch, Anke",134,147,115,134,530
10,2024,3256,Frauen - Bayernliga Nord,207789,12.04.2025,TV Eibach 03 1,SpG Bischberg/Eintracht 1,"Maurer, Ingeborg",123,149,133,132,537
10,2024,3256,Frauen - Bayernliga Nord,207789,12.04.2025,TV Eibach 03 1,SpG Bischberg/Eintracht 1,"Loch, Andrea",129,116,114,134,493
10,2024,3256,Frauen - Bayernliga Nord,207789,12.04.2025,TV Eibach 03 1,SpG Bischberg/Eintracht 1,"Heckel, Monika",131,139,129,117,516
10,2024,3256,Frauen - Bayernliga Nord,207789,12.04.2025,TV Eibach 03 1,SpG Bischberg/Eintracht 1,"Haßfurther, Sabine",134,114,129,122,499
10,2024,3256,Frauen - Bayernliga Nord,207789,12.04.2025,TV Eibach 03 1,SpG Bischberg/Eintracht 1,"Klein, Stephanie",129,132,119,126,506
10,2024,3256,Frauen - Bayernliga Nord,207789,12.04.2025,TV Eibach 03 1,SpG Bischberg/Eintracht 1,"Schneider, Larissa",107,113,119,130,469
10,2024,3256,Frauen - Bayernliga Nord,207789,12.04.2025,TV Eibach 03 1,SpG Bischberg/Eintracht 1,"Bradenstein, Manuela",124,131,128,129,512
10,2024,3256,Frauen - Bayernliga Nord,207789,12.04.2025,TV Eibach 03 1,SpG Bischberg/Eintracht 1,"Denzler, Hannah",131,119,,,250
10,2024,3256,Frauen - Bayernliga Nord,207789,12.04.2025,TV Eibach 03 1,SpG Bischberg/Eintracht 1,"Jacobi, Elisabeth",,,89,85,174
10,2024,3256,Frauen - Bayernliga Nord,207789,12.04.2025,TV Eibach 03 1,SpG Bischberg/Eintracht 1,"Kergl, Tanja",132,116,151,135,534
10,2024,3256,Frauen - Bayernliga Nord,207789,12.04.2025,TV Eibach 03 1,SpG Bischberg/Eintracht 1,"Pederzolli, Daniela",142,139,128,129,538
10,2024,3256,Frauen - Bayernliga Nord,207788,13.04.2025,SKK 1926 Helmbrechts 1,Bavaria Karlstadt 1,"Hübner, Ursula",141,132,140,135,548
10,2024,3256,Frauen - Bayernliga Nord,207788,13.04.2025,SKK 1926 Helmbrechts 1,Bavaria Karlstadt 1,"Burkard, Hannah",144,114,150,132,540
10,2024,3256,Frauen - Bayernliga Nord,207788,13.04.2025,SKK 1926 Helmbrechts 1,Bavaria Karlstadt 1,"Seiferth, Pia",155,123,119,131,528
10,2024,3256,Frauen - Bayernliga Nord,207788,13.04.2025,SKK 1926 Helmbrechts 1,Bavaria Karlstadt 1,"Nick, Helene",101,136,139,139,515
10,2024,3256,Frauen - Bayernliga Nord,207788,13.04.2025,SKK 1926 Helmbrechts 1,Bavaria Karlstadt 1,"Hoppert, Kathrin",152,140,126,139,557
10,2024,3256,Frauen - Bayernliga Nord,207788,13.04.2025,SKK 1926 Helmbrechts 1,Bavaria Karlstadt 1,"Metz, Annalena",126,131,119,127,503
10,2024,3256,Frauen - Bayernliga Nord,207788,13.04.2025,SKK 1926 Helmbrechts 1,Bavaria Karlstadt 1,"Schuchardt, Kerstin",132,129,124,132,517
10,2024,3256,Frauen - Bayernliga Nord,207788,13.04.2025,SKK 1926 Helmbrechts 1,Bavaria Karlstadt 1,"Heinzler, Carmen",129,129,141,143,542
10,2024,3256,Frauen - Bayernliga Nord,207788,13.04.2025,SKK 1926 Helmbrechts 1,Bavaria Karlstadt 1,"Funk, Rebecca",130,114,131,140,515
10,2024,3256,Frauen - Bayernliga Nord,207788,13.04.2025,SKK 1926 Helmbrechts 1,Bavaria Karlstadt 1,"Weis, Jennifer",151,147,151,133,582
10,2024,3256,Frauen - Bayernliga Nord,207788,13.04.2025,SKK 1926 Helmbrechts 1,Bavaria Karlstadt 1,"Sorge, Sylvia",148,137,131,151,567
10,2024,3256,Frauen - Bayernliga Nord,207788,13.04.2025,SKK 1926 Helmbrechts 1,Bavaria Karlstadt 1,"Römer, Karin",129,142,138,122,531
10,2024,3256,Frauen - Bayernliga Nord,207790,13.04.2025,SpVgg Pirk 1,SKK Raindorf 1,"Wagner, Hannelore",131,135,122,148,536
10,2024,3256,Frauen - Bayernliga Nord,207790,13.04.2025,SpVgg Pirk 1,SKK Raindorf 1,"Kolbeck, Tanja",149,143,136,137,565
10,2024,3256,Frauen - Bayernliga Nord,207790,13.04.2025,SpVgg Pirk 1,SKK Raindorf 1,"Helgert, Angelika",117,126,131,147,521
10,2024,3256,Frauen - Bayernliga Nord,207790,13.04.2025,SpVgg Pirk 1,SKK Raindorf 1,"Brandl, Erika",143,135,133,134,545
10,2024,3256,Frauen - Bayernliga Nord,207790,13.04.2025,SpVgg Pirk 1,SKK Raindorf 1,"Nickl, Carola",127,130,140,134,531
10,2024,3256,Frauen - Bayernliga Nord,207790,13.04.2025,SpVgg Pirk 1,SKK Raindorf 1,"Rothammer, Anna-Lena",133,129,128,123,513
10,2024,3256,Frauen - Bayernliga Nord,207790,13.04.2025,SpVgg Pirk 1,SKK Raindorf 1,"Dilling, Petra",127,132,131,120,510
10,2024,3256,Frauen - Bayernliga Nord,207790,13.04.2025,SpVgg Pirk 1,SKK Raindorf 1,"Grötsch, Laura",131,129,131,135,526
10,2024,3256,Frauen - Bayernliga Nord,207790,13.04.2025,SpVgg Pirk 1,SKK Raindorf 1,"Nickl, Katharina",128,152,132,131,543
10,2024,3256,Frauen - Bayernliga Nord,207790,13.04.2025,SpVgg Pirk 1,SKK Raindorf 1,"Diermeier, Evelin",152,131,147,130,560
10,2024,3256,Frauen - Bayernliga Nord,207790,13.04.2025,SpVgg Pirk 1,SKK Raindorf 1,"Lugert, Lena",135,142,136,128,541
10,2024,3256,Frauen - Bayernliga Nord,207790,13.04.2025,SpVgg Pirk 1,SKK Raindorf 1,"Brandl, Magdalena",125,141,130,143,539
10,2024,3256,Frauen - Bayernliga Nord,207787,13.04.2025,SKC Victoria Bamberg 2,GH/TSV Lauf 1,"Hörmann, Emma",111,123,,,234
10,2024,3256,Frauen - Bayernliga Nord,207787,13.04.2025,SKC Victoria Bamberg 2,GH/TSV Lauf 1,"Karl, Beate",128,149,151,150,578
10,2024,3256,Frauen - Bayernliga Nord,207787,13.04.2025,SKC Victoria Bamberg 2,GH/TSV Lauf 1,"Meußgeyer, Nina",,,119,120,239
10,2024,3256,Frauen - Bayernliga Nord,207787,13.04.2025,SKC Victoria Bamberg 2,GH/TSV Lauf 1,"Pfeiffer, Marie-Louise",140,125,123,150,538
10,2024,3256,Frauen - Bayernliga Nord,207787,13.04.2025,SKC Victoria Bamberg 2,GH/TSV Lauf 1,"Straub, Susanne",118,131,143,138,530
10,2024,3256,Frauen - Bayernliga Nord,207787,13.04.2025,SKC Victoria Bamberg 2,GH/TSV Lauf 1,"Niklaus Sych, Katja",134,131,126,130,521
10,2024,3256,Frauen - Bayernliga Nord,207787,13.04.2025,SKC Victoria Bamberg 2,GH/TSV Lauf 1,"Bräu-Dümler, Christine, Dr.",144,135,134,135,548
10,2024,3256,Frauen - Bayernliga Nord,207787,13.04.2025,SKC Victoria Bamberg 2,GH/TSV Lauf 1,"Dietrich, Lara",150,145,130,141,566
10,2024,3256,Frauen - Bayernliga Nord,207787,13.04.2025,SKC Victoria Bamberg 2,GH/TSV Lauf 1,"Brunner, Sarah",149,140,132,150,571
10,2024,3256,Frauen - Bayernliga Nord,207787,13.04.2025,SKC Victoria Bamberg 2,GH/TSV Lauf 1,"Hörmann, Kerstin",126,131,145,148,550
10,2024,3256,Frauen - Bayernliga Nord,207787,13.04.2025,SKC Victoria Bamberg 2,GH/TSV Lauf 1,"Schnetz, Claudia",136,154,125,141,556
10,2024,3256,Frauen - Bayernliga Nord,207787,13.04.2025,SKC Victoria Bamberg 2,GH/TSV Lauf 1,"Pfuhlmann, Barbara",137,127,132,131,527
10,2024,3256,Frauen - Bayernliga Nord,207787,13.04.2025,SKC Victoria Bamberg 2,GH/TSV Lauf 1,"Siegert, Magdalena",116,147,137,118,518
10,2024,3257,Frauen - Bayernliga Süd,212995,12.04.2025,SKC Lohhof 1,SKK 98 Poing 1,"Bancsov, Irina",116,134,108,124,482
10,2024,3257,Frauen - Bayernliga Süd,212995,12.04.2025,SKC Lohhof 1,SKK 98 Poing 1,"Walz, Melanie",136,150,147,131,564
10,2024,3257,Frauen - Bayernliga Süd,212995,12.04.2025,SKC Lohhof 1,SKK 98 Poing 1,"Anger, Margit",105,102,135,115,457
10,2024,3257,Frauen - Bayernliga Süd,212995,12.04.2025,SKC Lohhof 1,SKK 98 Poing 1,"Neumann, Nicole",128,135,137,113,513
10,2024,3257,Frauen - Bayernliga Süd,212995,12.04.2025,SKC Lohhof 1,SKK 98 Poing 1,"Eder, Ursula",117,110,119,110,456
10,2024,3257,Frauen - Bayernliga Süd,212995,12.04.2025,SKC Lohhof 1,SKK 98 Poing 1,"Haslbeck, Sarah",138,136,136,130,540
10,2024,3257,Frauen - Bayernliga Süd,212995,12.04.2025,SKC Lohhof 1,SKK 98 Poing 1,"Gavriloiu, Edit",144,123,127,134,528
10,2024,3257,Frauen - Bayernliga Süd,212995,12.04.2025,SKC Lohhof 1,SKK 98 Poing 1,"Diaconu, Adina Cristina",116,128,,,244
10,2024,3257,Frauen - Bayernliga Süd,212995,12.04.2025,SKC Lohhof 1,SKK 98 Poing 1,"Raphael, Celine",,,115,121,236
10,2024,3257,Frauen - Bayernliga Süd,212995,12.04.2025,SKC Lohhof 1,SKK 98 Poing 1,"Paul, Franziska",124,120,112,106,462
10,2024,3257,Frauen - Bayernliga Süd,212995,12.04.2025,SKC Lohhof 1,SKK 98 Poing 1,"Handschuher, Nadine",148,133,129,132,542
10,2024,3257,Frauen - Bayernliga Süd,212995,12.04.2025,SKC Lohhof 1,SKK 98 Poing 1,"Hömke, Susanne",135,124,134,135,528
10,2024,3257,Frauen - Bayernliga Süd,212995,12.04.2025,SKC Lohhof 1,SKK 98 Poing 1,"Süss, Claudia",132,131,137,131,531
10,2024,3257,Frauen - Bayernliga Süd,212997,12.04.2025,Moosburger Keglerverein 1,Goldener Kranz Durach 1,"Meier, Kristin",141,142,131,139,553
10,2024,3257,Frauen - Bayernliga Süd,212997,12.04.2025,Moosburger Keglerverein 1,Goldener Kranz Durach 1,"Keßler, Bianca",147,147,128,141,563
10,2024,3257,Frauen - Bayernliga Süd,212997,12.04.2025,Moosburger Keglerverein 1,Goldener Kranz Durach 1,"Bischof, Veronika",131,122,118,130,501
10,2024,3257,Frauen - Bayernliga Süd,212997,12.04.2025,Moosburger Keglerverein 1,Goldener Kranz Durach 1,"Keßler, Silvia",126,107,123,146,502
10,2024,3257,Frauen - Bayernliga Süd,212997,12.04.2025,Moosburger Keglerverein 1,Goldener Kranz Durach 1,"Ossner, Angelika",148,123,128,151,550
10,2024,3257,Frauen - Bayernliga Süd,212997,12.04.2025,Moosburger Keglerverein 1,Goldener Kranz Durach 1,"Fleschutz, Margit",122,116,115,122,475
10,2024,3257,Frauen - Bayernliga Süd,212997,12.04.2025,Moosburger Keglerverein 1,Goldener Kranz Durach 1,"Hübner, Kristina",135,146,127,132,540
10,2024,3257,Frauen - Bayernliga Süd,212997,12.04.2025,Moosburger Keglerverein 1,Goldener Kranz Durach 1,"Annasensl, Jasmin",134,133,132,135,534
10,2024,3257,Frauen - Bayernliga Süd,212997,12.04.2025,Moosburger Keglerverein 1,Goldener Kranz Durach 1,"Stiel, Corinna",137,125,157,128,547
10,2024,3257,Frauen - Bayernliga Süd,212997,12.04.2025,Moosburger Keglerverein 1,Goldener Kranz Durach 1,"Rauh, Sabine",127,120,158,124,529
10,2024,3257,Frauen - Bayernliga Süd,212997,12.04.2025,Moosburger Keglerverein 1,Goldener Kranz Durach 1,"Hübner, Franziska",140,135,121,129,525
10,2024,3257,Frauen - Bayernliga Süd,212997,12.04.2025,Moosburger Keglerverein 1,Goldener Kranz Durach 1,"Steiner, Laura",118,123,115,133,489
10,2024,3257,Frauen - Bayernliga Süd,212994,13.04.2025,Keglerfreunde Sand 1,SpG Landsberied-TuS FFB 1,"Stadler, Patricia",136,131,156,134,557
10,2024,3257,Frauen - Bayernliga Süd,212994,13.04.2025,Keglerfreunde Sand 1,SpG Landsberied-TuS FFB 1,"Heinle, Natascha",132,130,139,136,537
10,2024,3257,Frauen - Bayernliga Süd,212994,13.04.2025,Keglerfreunde Sand 1,SpG Landsberied-TuS FFB 1,"Janker, Simone",127,122,157,123,529
10,2024,3257,Frauen - Bayernliga Süd,212994,13.04.2025,Keglerfreunde Sand 1,SpG Landsberied-TuS FFB 1,"Groß, Verena",142,142,141,135,560
10,2024,3257,Frauen - Bayernliga Süd,212994,13.04.2025,Keglerfreunde Sand 1,SpG Landsberied-TuS FFB 1,"Keil, Susanne",137,128,142,132,539
10,2024,3257,Frauen - Bayernliga Süd,212994,13.04.2025,Keglerfreunde Sand 1,SpG Landsberied-TuS FFB 1,"Kostic, Brunhilde",137,122,117,125,501
10,2024,3257,Frauen - Bayernliga Süd,212994,13.04.2025,Keglerfreunde Sand 1,SpG Landsberied-TuS FFB 1,"Rothammer, Ayleen",126,106,122,142,496
10,2024,3257,Frauen - Bayernliga Süd,212994,13.04.2025,Keglerfreunde Sand 1,SpG Landsberied-TuS FFB 1,"Tuffentsammer, Ingeborg",120,119,121,115,475
10,2024,3257,Frauen - Bayernliga Süd,212994,13.04.2025,Keglerfreunde Sand 1,SpG Landsberied-TuS FFB 1,"Kaun, Kristin",139,130,126,138,533
10,2024,3257,Frauen - Bayernliga Süd,212994,13.04.2025,Keglerfreunde Sand 1,SpG Landsberied-TuS FFB 1,"Hanuschka, Hanh",133,132,134,119,518
10,2024,3257,Frauen - Bayernliga Süd,212994,13.04.2025,Keglerfreunde Sand 1,SpG Landsberied-TuS FFB 1,"Zollner, Michaela",124,135,131,123,513
10,2024,3257,Frauen - Bayernliga Süd,212994,13.04.2025,Keglerfreunde Sand 1,SpG Landsberied-TuS FFB 1,"Prehl, Nadine",123,138,120,133,514
10,2024,3257,Frauen - Bayernliga Süd,212998,13.04.2025,TSG 1885 Augsburg 1,TSV Ingolstadt-Nord 1,"Schiller, Anneliese",146,143,164,146,599
10,2024,3257,Frauen - Bayernliga Süd,212998,13.04.2025,TSG 1885 Augsburg 1,TSV Ingolstadt-Nord 1,"Frey, Monika",103,130,137,138,508
10,2024,3257,Frauen - Bayernliga Süd,212998,13.04.2025,TSG 1885 Augsburg 1,TSV Ingolstadt-Nord 1,"Spahn, Rita",137,139,121,136,533
10,2024,3257,Frauen - Bayernliga Süd,212998,13.04.2025,TSG 1885 Augsburg 1,TSV Ingolstadt-Nord 1,"Tineo-Dominguez, Yaniris",153,141,137,148,579
10,2024,3257,Frauen - Bayernliga Süd,212998,13.04.2025,TSG 1885 Augsburg 1,TSV Ingolstadt-Nord 1,"Aracic, Radmila",124,105,128,123,480
10,2024,3257,Frauen - Bayernliga Süd,212998,13.04.2025,TSG 1885 Augsburg 1,TSV Ingolstadt-Nord 1,"Stang, Maria",127,150,111,166,554
10,2024,3257,Frauen - Bayernliga Süd,212998,13.04.2025,TSG 1885 Augsburg 1,TSV Ingolstadt-Nord 1,"Pfiffner, Cornelia",127,138,126,137,528
10,2024,3257,Frauen - Bayernliga Süd,212998,13.04.2025,TSG 1885 Augsburg 1,TSV Ingolstadt-Nord 1,"Denk, Anne-Kathrin",161,114,142,117,534
10,2024,3257,Frauen - Bayernliga Süd,212998,13.04.2025,TSG 1885 Augsburg 1,TSV Ingolstadt-Nord 1,"Striffler, Marianne",123,130,146,141,540
10,2024,3257,Frauen - Bayernliga Süd,212998,13.04.2025,TSG 1885 Augsburg 1,TSV Ingolstadt-Nord 1,"Heinz, Raphaela",137,145,143,137,562
10,2024,3257,Frauen - Bayernliga Süd,212998,13.04.2025,TSG 1885 Augsburg 1,TSV Ingolstadt-Nord 1,"Grötsch, Silvia",139,149,120,126,534
10,2024,3257,Frauen - Bayernliga Süd,212998,13.04.2025,TSG 1885 Augsburg 1,TSV Ingolstadt-Nord 1,"Kummer, Hildegard",153,131,125,141,550
